{
  "experiment": "v21_probeB_open_set_centroid_from_ckpt_d",
  "ckpt_path": "/home/intellisense01/EML-Labs/ST-CoxNet/v21d_best.pth",
  "n_excellent_patients": 56,
  "n_seen_patients_for_probe": 44,
  "n_unseen_patients_for_probe": 12,
  "seen_closed_set_accuracy": 0.19378427787934185,
  "unseen_detection_auroc": 0.47694819367190905,
  "threshold_95pct_seen": 19.580480575561523,
  "threshold_95_binary_acc": 0.38765254845656855,
  "threshold_95_tpr_unseen": 0.024822695035460994,
  "threshold_95_fpr_seen": 0.051188299817184646
}