{
  "experiment": "v21_probeB_open_set_centroid_from_ckpt_b",
  "ckpt_path": "/home/intellisense01/EML-Labs/ST-CoxNet/v21b_best.pth",
  "n_excellent_patients": 56,
  "n_seen_patients_for_probe": 44,
  "n_unseen_patients_for_probe": 12,
  "seen_closed_set_accuracy": 0.28884826325411334,
  "unseen_detection_auroc": 0.46545956668870825,
  "threshold_95pct_seen": 10.835536003112793,
  "threshold_95_binary_acc": 0.3854989231873654,
  "threshold_95_tpr_unseen": 0.02127659574468085,
  "threshold_95_fpr_seen": 0.051188299817184646
}