{
  "experiment": "v21_probeB_open_set_centroid_from_ckpt_f",
  "ckpt_path": "/home/intellisense01/EML-Labs/ST-CoxNet/v21f_best.pth",
  "n_excellent_patients": 56,
  "n_seen_patients_for_probe": 44,
  "n_unseen_patients_for_probe": 12,
  "seen_closed_set_accuracy": 0.14076782449725778,
  "unseen_detection_auroc": 0.44242396739576717,
  "threshold_95pct_seen": 9.156352043151855,
  "threshold_95_binary_acc": 0.38478104809763103,
  "threshold_95_tpr_unseen": 0.02009456264775414,
  "threshold_95_fpr_seen": 0.051188299817184646
}