{
  "experiment": "v21_probeB_open_set_centroid_from_ckpt_e",
  "ckpt_path": "/home/intellisense01/EML-Labs/ST-CoxNet/v21e_best.pth",
  "n_excellent_patients": 56,
  "n_seen_patients_for_probe": 44,
  "n_unseen_patients_for_probe": 12,
  "seen_closed_set_accuracy": 0.23948811700182815,
  "unseen_detection_auroc": 0.5249318224054698,
  "threshold_95pct_seen": 4.826752185821533,
  "threshold_95_binary_acc": 0.3854989231873654,
  "threshold_95_tpr_unseen": 0.02127659574468085,
  "threshold_95_fpr_seen": 0.051188299817184646
}