{
  "config": {
    "seed": 42,
    "afib_length": 3600,
    "sr_length": 5400,
    "number_of_windows_in_segment": 10,
    "stride": 100,
    "window_size": 100,
    "validation_split": 0.15,
    "support_k": 5,
    "query_k": 999999,
    "latent_dim": 64,
    "hidden_dim": 128,
    "dropout": 0.2,
    "temperature": 0.1,
    "relative_rr": true,
    "relative_rr_eps": 1e-08,
    "checkpoint": "v27_best.pth"
  },
  "summary": {
    "support_k": 5,
    "n_support_samples": 30,
    "checkpoint": "v27_best.pth",
    "val_patients_total": 9,
    "val_patients_evaluated": 9,
    "overall_mean_rho": 0.10829034246955371,
    "overall_median_rho": 0.2534892956697889,
    "overall_frac_pos": 0.7777777777777778
  },
  "per_patient_summary": {
    "11": {
      "n": 30,
      "mean_rho": 0.3059842118665648,
      "median_rho": 0.27807486631016043,
      "q25_rho": 0.25126050420168067,
      "q75_rho": 0.3688311688311688,
      "frac_pos": 1.0,
      "min_rho": 0.2333078686019862,
      "max_rho": 0.4245989304812834
    },
    "19": {
      "n": 30,
      "mean_rho": -0.7425944170771754,
      "median_rho": -0.7408866995073891,
      "q25_rho": -0.7584975369458127,
      "q75_rho": -0.7261083743842363,
      "frac_pos": 0.0,
      "min_rho": -0.8123152709359605,
      "max_rho": -0.6295566502463052
    },
    "25": {
      "n": 30,
      "mean_rho": -0.8262462462462463,
      "median_rho": -0.8164736164736165,
      "q25_rho": -0.821879021879022,
      "q75_rho": -0.8138996138996141,
      "frac_pos": 0.0,
      "min_rho": -0.8916344916344917,
      "max_rho": -0.8061776061776061
    },
    "30": {
      "n": 30,
      "mean_rho": 0.8030371933114551,
      "median_rho": 0.7992616033755275,
      "q25_rho": 0.7952004219409283,
      "q75_rho": 0.8105426629160808,
      "frac_pos": 1.0,
      "min_rho": 0.7848335677449603,
      "max_rho": 0.8290436005625881
    },
    "41": {
      "n": 30,
      "mean_rho": 0.30127705627705637,
      "median_rho": 0.29967532467532476,
      "q25_rho": 0.2771464646464647,
      "q75_rho": 0.3221139971139972,
      "frac_pos": 1.0,
      "min_rho": 0.24531024531024537,
      "max_rho": 0.3692640692640693
    },
    "58": {
      "n": 30,
      "mean_rho": 0.17108609705119487,
      "median_rho": 0.16270051119337214,
      "q25_rho": 0.1412203167887991,
      "q75_rho": 0.20151847095263278,
      "frac_pos": 1.0,
      "min_rho": 0.1180277504973433,
      "max_rho": 0.2512905744000403
    },
    "65": {
      "n": 30,
      "mean_rho": 0.46826181872929845,
      "median_rho": 0.47390469738030716,
      "q25_rho": 0.4510049683830172,
      "q75_rho": 0.48388098464317975,
      "frac_pos": 1.0,
      "min_rho": 0.4130081300813008,
      "max_rho": 0.5141824751580849
    },
    "79": {
      "n": 30,
      "mean_rho": 0.24065605476454044,
      "median_rho": 0.24399740428293315,
      "q25_rho": 0.21860327518418138,
      "q75_rho": 0.2719109058289117,
      "frac_pos": 1.0,
      "min_rho": 0.14604725731954038,
      "max_rho": 0.3147306943543154
    },
    "86": {
      "n": 30,
      "mean_rho": 0.2531513135492956,
      "median_rho": 0.2550031814325536,
      "q25_rho": 0.24753249606108352,
      "q75_rho": 0.26150645159894037,
      "frac_pos": 1.0,
      "min_rho": 0.22129244074311336,
      "max_rho": 0.2733662153505203
    }
  },
  "top_by_mean": [
    [
      30,
      {
        "n": 30,
        "mean_rho": 0.8030371933114551,
        "median_rho": 0.7992616033755275,
        "q25_rho": 0.7952004219409283,
        "q75_rho": 0.8105426629160808,
        "frac_pos": 1.0,
        "min_rho": 0.7848335677449603,
        "max_rho": 0.8290436005625881
      }
    ],
    [
      65,
      {
        "n": 30,
        "mean_rho": 0.46826181872929845,
        "median_rho": 0.47390469738030716,
        "q25_rho": 0.4510049683830172,
        "q75_rho": 0.48388098464317975,
        "frac_pos": 1.0,
        "min_rho": 0.4130081300813008,
        "max_rho": 0.5141824751580849
      }
    ],
    [
      11,
      {
        "n": 30,
        "mean_rho": 0.3059842118665648,
        "median_rho": 0.27807486631016043,
        "q25_rho": 0.25126050420168067,
        "q75_rho": 0.3688311688311688,
        "frac_pos": 1.0,
        "min_rho": 0.2333078686019862,
        "max_rho": 0.4245989304812834
      }
    ],
    [
      41,
      {
        "n": 30,
        "mean_rho": 0.30127705627705637,
        "median_rho": 0.29967532467532476,
        "q25_rho": 0.2771464646464647,
        "q75_rho": 0.3221139971139972,
        "frac_pos": 1.0,
        "min_rho": 0.24531024531024537,
        "max_rho": 0.3692640692640693
      }
    ],
    [
      86,
      {
        "n": 30,
        "mean_rho": 0.2531513135492956,
        "median_rho": 0.2550031814325536,
        "q25_rho": 0.24753249606108352,
        "q75_rho": 0.26150645159894037,
        "frac_pos": 1.0,
        "min_rho": 0.22129244074311336,
        "max_rho": 0.2733662153505203
      }
    ]
  ],
  "bottom_by_mean": [
    [
      25,
      {
        "n": 30,
        "mean_rho": -0.8262462462462463,
        "median_rho": -0.8164736164736165,
        "q25_rho": -0.821879021879022,
        "q75_rho": -0.8138996138996141,
        "frac_pos": 0.0,
        "min_rho": -0.8916344916344917,
        "max_rho": -0.8061776061776061
      }
    ],
    [
      19,
      {
        "n": 30,
        "mean_rho": -0.7425944170771754,
        "median_rho": -0.7408866995073891,
        "q25_rho": -0.7584975369458127,
        "q75_rho": -0.7261083743842363,
        "frac_pos": 0.0,
        "min_rho": -0.8123152709359605,
        "max_rho": -0.6295566502463052
      }
    ],
    [
      58,
      {
        "n": 30,
        "mean_rho": 0.17108609705119487,
        "median_rho": 0.16270051119337214,
        "q25_rho": 0.1412203167887991,
        "q75_rho": 0.20151847095263278,
        "frac_pos": 1.0,
        "min_rho": 0.1180277504973433,
        "max_rho": 0.2512905744000403
      }
    ],
    [
      79,
      {
        "n": 30,
        "mean_rho": 0.24065605476454044,
        "median_rho": 0.24399740428293315,
        "q25_rho": 0.21860327518418138,
        "q75_rho": 0.2719109058289117,
        "frac_pos": 1.0,
        "min_rho": 0.14604725731954038,
        "max_rho": 0.3147306943543154
      }
    ],
    [
      86,
      {
        "n": 30,
        "mean_rho": 0.2531513135492956,
        "median_rho": 0.2550031814325536,
        "q25_rho": 0.24753249606108352,
        "q75_rho": 0.26150645159894037,
        "frac_pos": 1.0,
        "min_rho": 0.22129244074311336,
        "max_rho": 0.2733662153505203
      }
    ]
  ]
}