{
  "checkpoint": "v27_best.pth",
  "config": {
    "seed": 42,
    "afib_length": 3600,
    "sr_length": 5400,
    "number_of_windows_in_segment": 10,
    "stride": 100,
    "window_size": 100,
    "validation_split": 0.15,
    "support_k": 5,
    "query_k": 3,
    "latent_dim": 64,
    "hidden_dim": 128,
    "dropout": 0.2,
    "temperature": 0.1,
    "relative_rr": true,
    "relative_rr_eps": 1e-08
  },
  "per_patient_rho": {
    "11": 0.3179526355996944,
    "19": -0.7999999999999998,
    "25": -0.7961389961389961,
    "30": 0.8639474917955932,
    "41": 0.12186147186147188,
    "58": 0.3843519427866334,
    "65": 0.5540424570912376,
    "79": 0.18673893957323356,
    "86": 0.2085180151323649
  },
  "summary": {
    "n_val_patients": 9,
    "n_evaluated": 9,
    "mean_rho": 0.11569710641124813,
    "median_rho": 0.2085180151323649,
    "q25_rho": 0.12186147186147188,
    "q75_rho": 0.3843519427866334,
    "frac_positive_rho": 0.7777777777777778
  },
  "top3": [
    [
      30,
      0.8639474917955932
    ],
    [
      65,
      0.5540424570912376
    ],
    [
      58,
      0.3843519427866334
    ]
  ],
  "bottom3": [
    [
      19,
      -0.7999999999999998
    ],
    [
      25,
      -0.7961389961389961
    ],
    [
      41,
      0.12186147186147188
    ]
  ]
}