horizon_min,episodes,sufficient_pct,ml_ready_pct,mean_quality_score,median_quality_score,mean_rr_count,mean_duration_min,mean_std_rr_ms,mean_rmssd_ms,mean_outlier_count_phys,median_outlier_count_phys,mean_outlier_pct_phys,p95_outlier_pct_phys,mean_outlier_count_iqr,mean_outlier_pct_iqr,mean_duplicate_pct
10,388,93.55670103092784,59.79381443298969,87.69563432551061,92.68326680247905,713.2654639175257,9.383897121993128,141.8936610112135,161.79705531427825,2.051546391752577,0.0,0.21927960205487693,1.136781334476163,52.19845360824742,7.389866268045375,9.03516736572633
20,388,93.29896907216495,57.73195876288659,87.55509558044973,92.39136144357597,1424.471649484536,18.72365850515464,141.16379150881505,156.0333604391792,3.695876288659794,0.0,0.20296914929635762,1.031177359590642,102.7139175257732,7.318405784995421,9.022323823285483
30,388,93.04123711340206,57.21649484536082,87.34375352865443,92.33528675756739,2124.064432989691,28.047182345360827,139.0697479927463,151.81427557887673,5.551546391752577,0.0,0.20734364354827062,0.8720699127207019,163.66752577319588,7.748116419631964,9.192527932222326
60,388,91.75257731958763,55.670103092783506,86.79978501499463,92.16157025495485,4186.631443298969,55.67983891752577,142.31792168866525,148.280137798809,11.858247422680412,1.0,0.23959199891653293,1.15202077273214,296.69072164948454,7.260108750338574,9.460391333491755
120,388,89.43298969072166,53.09278350515464,86.10926415508315,91.7804336066586,8278.677835051547,109.88330047250861,147.36902842333822,144.30738389903033,24.371134020618555,3.5,0.2642400898380443,1.24947506122137,510.9613402061856,6.4283198825329215,9.466647626440144
180,388,85.82474226804123,51.28865979381443,85.49465809927479,91.46034519860216,12240.069587628866,162.34704102233678,150.2233187329322,141.63740370257574,34.404639175257735,6.0,0.26361418622569727,1.4044210373242378,663.479381443299,5.6285562906935365,9.396740518692384
